Unternehmensname,Domainname des Unternehmens
White & Case LLP,whitecase.com
Watson Farley & Williams,wfw.com
"SZA Schilling, Zutt & Anschütz",sza.de
Oppenhoff,oppenhoff.eu
Osborne Clarke,osborneclarke.com
Norton Rose Fulbright,nortonrosefulbright.com
Luther Rechtsanwaltsgesellschaft mbH,luther-lawfirm.com
Menold Bezler Rechtsanwälte Steuerberater Wirtschaftsprüfer,menoldbezler.de
GSK Stockmann,gsk.de
Flick Gocke Schaumburg,fgs.de
Eversheds Sutherland,eversheds-sutherland.com
CBH Rechtsanwälte,cbh.de
Freshfields,freshfields.com
Gleiss Lutz,gleisslutz.com
Lupp + Partner,lupp-partner.com
WTS Legal Rechtsanwaltsgesellschaft mbH,wts.com
Schultze & Braun,karriere.schultze-braun.de
Raue,raue.com
Kapellmann und Partner Rechtsanwälte mbB,kapellmann.de
Jones Day,jonesday.com
Hengeler Mueller,hengeler.com
Göhmann Rechtsanwälte & abogados,goehmann.de
Friedrich Graf von Westphalen & Partner mbB / Rechtsanwälte,fgvw.de
GÖRG Partnerschaft von Rechtsanwälten mbB,goerg.de
CMS,cms.law
A&O Shearman,aoshearman.com
Ashurst,ashurst.com
DLA Group,dla.com
"Greenberg Traurig, LLP",gtlaw.de
HWS,hws.de
PricewaterhouseCoopers Legal AG Rechtsanwaltsgesellschaft,legal.pwc.de
Taylor Wessing,taylorwessing.com
McDermott Will & Schulte,mwe.com
Linklaters,linklaters.de
K&L Gates,klgates.com
Hogan Lovells,hoganlovells.com
Advant Beiten,advant-beiten.com
REDEKER SELLNER DAHS,redeker.de
KPMG,kpmg.com
KPMG Financial Services,kpmg.com
HLB,hlb-deutschland.de
Ecovis,ecovis.com
ETL-Gruppe,etl.de
"Skadden, Arps, Slate, Meagher & Flom LLP and Affiliates",skadden.com
PwC,pwc.com
SKW Schwarz,skwschwarz.de
Rödl & Partner,roedl.com
PKF FASSELT SCHLAGE Services GmbH Wirtschaftsprüfungsgesellschaft Steuerberatungsgesellschaft,pkf-fasselt.de
Noerr,noerr.com
Pinsent Masons,pinsentmasons.com
Forvis Mazars,forvismazars.com
Latham & Watkins,lw.com
KPMG Law,kpmg-law.com
Heuking,heuking.de
GvW Graf von Westphalen,gvw.com
Fieldfisher,fieldfisher.com
RSM Ebner Stolz,ebnerstolz.de
DLA Piper,dlapiper.com
Dentons,dentons.com
Clifford Chance,cliffordchance.com
Deloitte Legal,www2.deloitte.com
Buse Heberer Fromm,buse.de
BLD Bach Langheid Dallmayr Rechtsanwälte Partnerschaftsgesellschaft mbB,bld.de
BDO Germany,bdo.de
Baker Tilly Germany,bakertilly.de
Becker Büttner Held,bbh-online.de
Baker McKenzie,bakermckenzie.com
ARNECKE SIBETH DABELSTEIN,asd-law.com
Dr. Dienst & Partner GmbH & Co. KG,hlb-ddp.de
Ypog,ypog.law
Herbert Smith Freehills,hsfkramer.com
Esche Schümann Commichau,esche.de
Sonntag & Partner,sonntag-partner.de
OPPENLÄNDER Rechtsanwälte,oppenlaender.de
Mayer Brown,mayerbrown.com
Kümmerlein,kuemmerlein.de
KLIEMT.Arbeitsrecht,kliemt.de
BRP Renaud und Partner,brp.de
BRL BOEGE ROHDE LUEBBEHUESEN,brl.de
eagle lsp,eagle-lsp.de
Wuthold & Braun,ihre-steuerberater.de
WirtschaftsTreuhand,wirtschaftstreuhand.de
Wedding & Partner,wedding-partner.de
WINHELLER | Law.Tax.Relax.,winheller.com
Seitz Weckbach Fackler & Partner,seitz-partner.de
Schomerus & Partner,schomerus.de
Roser,roser-group.de
Reith Leisle Gabor,rlg-law.de
PKF WMS Bruns-Coppenrath & Partner,pkf-wms.de
Pape & Co,pape-co.de
Moore Treuhand Kurpfalz,moore-tk.de
Lehleiter + Partner,lehleiter.info
Kullen Müller Zinser,kullen-mueller-zinser.de
KBHT Kalus + Hilger,kbht.de
Husemann Eickhoff Salmen & Partner,husemannpartner.de
HLB Stückmann,stueckmann.de
Ehler Ermer & Partner,eep.info
Eureos,eureos.de
Dornbach,dornbach.de
dhmp,dhmp.de
Clostermann & Jasper,clostermann-jasper.de
Addleshaw Goddard,addleshawgoddard.com
AHW Hunold & Partner,ahw-unternehmerkanzlei.de
ADKL Abels Decker Kuhfuß & Partner,adkl-msi.de
WELLENSIEK Rechtsanwälte Partnerschaftgesellschaft mbB,wellensiek.de
Schiebe und Collegen,schiebe.de
Petersen Hardraht Pruggmayer,petersenhardrahtpruggmayer.de
meyerhuber rechtsanwälte PartG mbB,meyerhuber.de
Goodwin Procter,goodwinlaw.com
COHAUSZ & FLORACK Patent- und Rechtsanwälte Partnerschaftsgesellschaft mbB,cohausz-florack.de
Hahn Rechtsanwälte PartG mbB,hahn-rechtsanwaelte.de
Eckert Rechtsanwälte Steuerberater Partnerschaftsgesellschaft,eckert.law
HÖCKER Rechtsanwälte PartGmbB,hoecker.eu
KUNZ Rechtsanwälte Partnerschaft mbB,kunzrechtsanwaelte.de
Rotthege,rotthege.com
KRAUS GHENDLER RUVINSKIJ,anwalt-kg.de
KMLZ,kmlz.de
CURACON GmbH,curacon.de
Dr. Broll Schmit Kaufmann & Partner,bskp.de
Neon,neon.law
GANTEFÜHRER,gamapa.de
Gansel Rechtsanwälte,gansel-rechtsanwaelte.de
AfA Rechtsanwälte,afa-anwalt.de
Kleeberg & Partner,kleeberg.de
HÄRTING Rechtsanwälte PartGmbB,haerting.de
VOIGT SALUS. Rechtsanwälte und Insolvenzverwalter GbR,voigtsalus.de
"Weil, Gotshal & Manges LLP",weil.com
Willkie Farr & Gallagher,willkie.com
STREITBÖRGER,streitboerger.de
"Viering, Jentschura & Partner mbB Patent- und Rechtsanwälte",vjp.de
Schindhelm Rechtsanwaltsgesellschaft mbH,de.schindhelm.com
SMP Schinogl Müller & Partner GbR,smp-frankfurt.de
Schalast,schalast.com
Reed Smith,reedsmith.com
PLUTA Rechtsanwalts GmbH,pluta.net
Caspers Mock,caspers-mock.de
Orka,orka.law
LPA-GGV,lpa-ggv.de
LUTZ | ABEL Rechtsanwalts PartG mbB,lutzabel.com
Möhrle Happ Luther,mhl.de
Maiwald Patentanwalts GmbH,maiwald.eu
lindenpartners,lindenpartners.eu
KSB Intax,ksb-intax.de
hww,hww.eu
Kirkland & Ellis,kirkland.com
HOFFMANN EITLE | Patent- und Rechtsanwälte PartmbB,hoffmanneitle.com
HFK Rechtsanwälte LLP,hfk.de
"DHPG Rechtsanwälte Wirtschaftsprüfer Steuerberater - Obermüller, Rohde & Partner",dhpg.de
Dr. Eick & Partner GbR,dr-eick.de
Brock Müller Ziegenbein,bmz-recht.de
Bryan Cave Leighton Paisner,bclplaw.com
Brandi Rechtsanwälte GbR,brandi.net
BARDEHLE PAGENBERG,bardehle.de
Laufenberg Michels und Partner,laufmich.de
Meissner Bolte,meissnerbolte.com
Loschelder,loschelder.de
"KSP Kanzlei Dr. Seegers, Dr. Frankenheim Rechtsanwaltsgesellschaft mbH",ksp.de
Heussen Rechtsanwaltsgesellschaft mbH,heussen-law.de
Dr. Beck & Partner GbR,ra-dr-beck.de
Wollweber,wollweber-law.de
RSW Rechtsanwälte,rsw-anwaelte.de
schwarzpartners.de,schwarzpartners.de
Hauschild Böttcher,hauschild-boettcher.de
ARAG Versicherung,arag.de
PKF München,pkf-muenchen.de
Hoyng ROKH Monegier,hoyngrokhmonegier.com
isarpatent - Patent- und Rechtsanwälte Behnisch Barth Charles Hassa Peckmann und Partner mbB,isarpatent.com
HLB Schumacher,hlb-schumacher.de
Zirngibl,zirngibl.de
Littler,littler.de
SGP Schneider Geiwitz,schneidergeiwitz.de
Seitz,seitzpartner.de
RITTERSHAUS Rechtsanwälte PartmbB,rittershaus.net
Milbank LLP,milbank.com
LEINEMANN PARTNER RECHTSANWÄLTE,leinemann-partner.de
Cleary Gottlieb Steen & Hamilton LLP,clearygottlieb.com
BOEHMERT & BOEHMERT,boehmert.de
Arqis,arqis.com
Vossius & Partner,vossius.eu
Dierkes und Partner,dierkes-partner.de
FRANKUS Wirtschaftsprüfer Steuerberater Rechtsanwälte,frankus.com
WWS Gruppe,wws-gruppe.de
SKN von Geyso,skn.partners
Solidaris Unternehmensgruppe,solidaris.de
Schneider + Partner,schneider-wp.de
Lüders . Warneboldt & Partner,lueders-warneboldt.de
Fides Treuhand,fides-online.de
Clyde & Co,clydeco.com
BANSBACH GmbH,bansbach-gmbh.de
WBS.LEGAL,wbs.legal
Bietmann Rechtsanwälte Steuerberater,bietmann.eu
Pusch Wahlig Workplace Law,pwwl.de
RAe Holthoff-Pförtner,hp-w.de
Pelka und Sozien GmbH,pelkapartner.de
"Peters, Schönberger & Partner mbB Rechtsanwälte Wirtschaftsprüfer Steuerberater",psp.eu
QIVIVE Rechtsanwalts GmbH,qivive.com
LFK PARTNER Bußhardt Huber Partnerschaft mbB,lfkvs.de
Schüllermann,schuellermann.de
Wolter Hoppenberg Rechtsanwälte Partnerschaft mbB,wolter-hoppenberg.de
thümmel schütze,tsp-law.com
Simmons & Simmons,simmons-simmons.com
Frommer legal,frommer.legal
Gibson Dunn & Crutcher,gibsondunn.com
FPS Partnerschaft von Rechtsanwälten mbB,fps-law.de
Brinkmann & Partner,brinkmann-partner.de
BBL Brockdorff,bbl-law.com
Grünecker,grunecker.de
SNP Schlawien Partnerschaft mbB,snp.law.de
Antoniadis & Ure,anure.de
D´Avoine Teubler Neu Rechtsanwälte,atn-ra.de
GreenGate Partners,greengate.legal
Malmendier Legal,malmendier-legal.com
Schürmann Rosenthal Dreyer,srd-rechtsanwaelte.de
HOPFGARTEN Rechtsanwälte,hopfgarten.de
Hawelka,hawelka-klenk.de
Minoggio Grezesch Bachmann,mgb-law.de
W & K,wk-legal.de
goost & nowak Rechtsanwälte,goost-nowak.de
Kursawe Foitzik Hohlweg,kfh.legal
Schneidewind,schneidewind.legal.de
Roland Franz & Partner,franz-partner.de
Kind & Recht,kind-und-recht.de
Lintilia Law,lintilia.de
kanzleigruenhagen.de,kanzleigruenhagen.de
HEUBLEIN Rechtsanwälte,heublein.eu
Hilgers und Partner,hilgers-partner.de
HLP. Heiermann Losch GbR,hlp-rae.de
Höweler | Rischmann und Partner mbBWirtschaftsprüfungsgesellschaft Steuerberatungsgesellschaft,hrp-wp.de
HPTP GmbH & Co. KGSteuerberatungsgesellschaft,hptp.de
Notare Helmut Hutterer & Bernhard Weiß,hutterer-weiss.de
Ikert-Tharun Wähling und Partner Rechtsanwälte,iw-partner.de
Kaiser & Kollegen Rechtsanwälte,kaiser-und-kollegen.de
Kanzlei Kind & Recht,anwalt-kindschaftsrecht.de
REGLER SIKORA NOTARE,regler-sikora.de
Maltry RechtsanwältInnen PartG mbB,rechtsanwaeltinnen.com
"nowak & partner, Steuerberater Rechtsanwalt Part mbB",nowak-partner.de
PHP Rechtsanwaltsgesellschaft mbH,kanzlei-php.de
Prehn | Stamer | Schumacher Rechtsanwälte Partnerschaft,prehn-recht.de
Partnerschaft Rattay & Becher,rattaybecher.com
Benjamin Graumann Rechtsanwalt,anwalt-graumann.de
von Seggern & Quaß,rdg-recht.de
Rechtsanwälte Mook,mook-law.de
Rechtsanwaltskammer München,rak-muenchen.de
"Rechtsanwälte und Notare Theune, Dr. Rohleder, Bartosch, Klöhn, Partnerschaftsgesellschaft",theune-rohleder.de
Rechtsanwalts- und Steuerkanzlei Kattanek,rechtsanwalt-kattanek.de
Rechtsanwälte Stefan Kruse & Dirk Brüderle,der-jurist.com
RST Steuerberatungsgesellschaft mbH,rst-beratung.de
RSW | Fischer & Coll. Rechtsanwaltsgesellschaft mbH,rsw.legal
"Schimmel Steuerberater, Wirtschaftsprüfer",schimmel.co
Stähler Rechtsanwälte,staehler-rae.de
Stegemeier Rudolph,stegemeier-rudolph.de
Vogeler Rechtsanwälte Partnerschaft mbB,ra-vogeler.de
Völlinger & Partner m.b.B.,voellinger-partner.de
WZM Wanner Zahn Machander Partnergesellschaft mbB,wzm-law.de
Herfurtner Rechtsanwaltsgesellschaft mbH,kanzlei-herfurtner.de
Pielsticker Mohme,pielsticker.de
Kanzlei Voigt Rechtsanwalts GmbH,kanzlei-voigt.de
Webeler Rechtsanwälte,webeler-rechtsanwaelte.de
VRT Partnerschaft mbB Wirtschaftsprüfer Steuerberater Rechtsanwälte,vrtonline.de
HEIMANN und Partner mbB Wirtschaftsprüfer Steuerberater,heimannundpartner.de
DAHAG Rechtsservices AG,dahag.de
Märkische Revision,maerkische-essen.de
Fricke + Kollegen,steuerkanzlei-fricke.de
KEMPER Rechtsanwaltsgesellschaft mbH,kemper-rechtsanwaelte.de
Kanzlei Andreas Mühlenweg,kanzlei-muehlenweg.de
Simon & Partner,simon-und-partner.de
Stein & Partner Rechtsanwälte,steinundpartner.de
Schmitz + Partner,schmitzpartner.de
WSP Wintzer Stauffenberg Pekruhl,wsp-beratung.com
WW+KN,wwkn.de
Holler Rechtsanwälte,holler.de
Wach und Meckes und Partner,wachundmeckes.com
THEOPARK,theopark.com
Thür Werner Sontag,tws-rechtsanwaelte.de
TSC Schipp & Partner,t-s-c.eu
Thomas Deckers Wehnert Elsner,tdwe.de
Tilp,tilp.de
Taliens,taliens.com
Studio Legal,studiolegal.de
SSP-Law,ssp-law.de
TCI Rechtsanwälte,tcilaw.de
Seebacher Fleischmann Müller,sfm-arbeitsrecht.de
Schweibert Leßmann & Partner,schweibertlessmann.de
Schmidt-Jortzig Petersen Penzlin,sjpp.de
RPO Ruttkamp Oberthür,rpo-rechtsanwaelte.de
Weser Law,weser-law.de
Schramm Meyer Kuhnke,schrammmeyerkuhnke.de
Prinz & Partner,prinz.eu
Rapräger Hoffmann und Partner,rapraeger.de
Preu Bohlig & Partner,preubohlig.de
RPM Dres. Ruge Purrucker Makowski,rpm-recht.de
Pohlmann & Company,pohlmann-company.com
Peterreins Schley,ps-patent.com
POSSER SPIETH WOLFERS & PARTNERS,pswp.de
"PFO Pöhlmann, Früchtl, Oppermann PartmbB Rechtsanwälte & Steuerberater",pfo-anwaelte.de
NST – NIERING STOCK TÖMP,nst-inso.com
Novacos,novacos-law.com
Notare am Ballindamm,notariat-ballindamm.de
Notariat Bergstraße,notariat-bergstrasse.de
Müller Mahlmann,muellermahlmann.de
Notare am Gänsemarkt,notare-amgaensemarkt.de
NEUWERK,neuwerk.legal
Olbricht Buchhold Keulertz,olbrichtpatent.de
Müller Blum,muellerblum.de
Notare am Alstertor,alstertor.de
Neussel KPA,neusselkpa.de
Nordemann Czychowski &. Partner,nordemann.de
Neuland,neuland.legal
Meinhardt Gieseler & Partner,mgup-kanzlei.de
Momentum,momentum-partners.de
Medlegal,medlegal.de
Moller Theobald Jung Zenger,mtjz.de
Moog,moogpartner.de
Michels pmks,michelspmks.de
MNB Legal,www-mnblegal.de
Martius Rechtsanwälte,martius-partner.com
Martini Mogg Vogt,mmv-recht.de
LMPS von Laer Meyer Paul Stuttmann,lmps.de
Media Kanzlei,media-kanzlei.com
LTS Rechtsanwälte,lts-kanzlei.de
Klinkert,klinkert.pro
Krause & Kollegen,kralaw.de
Leitner & Kollegen,leitner-partner.de
Kasper Knacke,kasperknacke.de
JONAS Rechtsanwaltsgesellschaft mbH,jonas-lawyers.com
Keiper & Co,keiper-co.de
KHH Kropp Haag Hübinger,khh-legal.de
Hilger Neumann & Partner,hilger-neumann-partner.de
HLB Hussmann,hlb-hussmann.de
HSP Steuer Göttingen,hsp-steuer.de
Hansa Partner Rommel & Meyer,hansapartner.de
Grube · Pitzer · Konnertz-Häußler Rechtsanwälte,gpkh.eu
Heckschen & van de Loo,heckschen-vandeloo.de
GLAWE DELFS MOLL,glawe.de
Garrn & Nett,stb-garrn-nett.de
Gazeas Nepomuck,gazeas.de
Franßen & Nusser,fn.legal
Ego Humrich Wyen,ehw-partners.com
EIP,eip.com
Flother & Wissing,floether-wissing.de
Ferox Legal,feroxlegal.com
"EHLERS, EHLERS & PARTNER RECHTSANWALTSGESELLSCHAFT MBB",ehlers-ehlers-und-partner.de
DTS Schnekenbühl und Partner,dts.law
Dr. Marcus Kämpfer und Andrea,notare-kb.de
Dr. Kai Bischoff und Andreas Bürger,bbnotare.de
Dr. Knabe,dr-knabe.de
Dr. Hermanns & Dr. Schumacher,https://www.hermanns-schumacher.d
de Faria & Partner,defaria.de
Doctores Völschau,voelschau.de
Chatham Partners LLP,chatham.partners
Comindis,comindis.com
Clayston,clayston.com
Busse Disputes,busse-disputes.com
Counsel Treuhand,counsel.de
Blomstein,blomstein.com
Bredow Valentin Herz,vbvh.de
Böhret Semsdorf & Partner,boehret-sehmsdorf.de
Böke & Partner,boekeundpartner.de
Bluedex,bluedex.de
AssmannPeiffer Rechtsanwälte Partnerschaft mbB,assmann-peiffer.de
Bergeman Schönherr Partner,bbsz.de
AWB Rechtsanwälte,awb-international.de
Baumann Resolving Disputes,baumann-disputes.de
AntweilerliebschwagerNieberding,aln-partner.de
Austmann & Partner,austmannpartner.com
Benefitax,benefitax.de
Andrejewski Honke,andrejewski.de
Altenburg,altenburg.net
Zuhorn und Partner GbR,zuhorn.de
Zwicker Schnappauf & Partner Patentanwälte PartG mbB,zsp-ip.de
Ziefle Unger Partnerschaft von Rechtsanwälten mbB,ziefle.law
WIRTSCHAFTSRAT Recht Bremer & Heller,wr-recht.de
"WITTE, WELLER & PARTNER Patentanwälte mbB",wwp.de
Wollmann & Partner Rechtsanwälte mbB,wollmann.de
Westhelle und Partner Rechtsanwälte,westhelleundpartner.eu
Winter Rechtsanwälte und Steuerberater Partnerschaftsgesellschaft mbB,rechtsanwaelte-bergisch-gladbach.de
"Wiegert Werner, Rechtsanwälte, Partnerschaftsgesellschaft mbB",wwp-law.de
Wesch & Buchenroth Rechtsanwälte Partnerschaftsgesellschaft mbB,wesch-buchenroth.com
Winter · Brandl Partnerschaft mbB,wbetal.de
"Westphal, Mussgnug & Partner, Patentanwälte mit beschränkter Berufshaftung",wemupat.de
Wilhelm Partnerschaft von Rechtsanwälten mbB,wilhelm-rae.de
Weickmann & Weickmann Patent- und Rechtsanwälte PartmbB,weickmann.de
Wendelstein,wendelstein.com
"Wegnerpartner Wegner & Partner mbB, Rechtsanwälte",wegnerpartner.com
WEISSLEDER EWER Rechtsanwälte Partnerschaft mbB,weissleder-ewer.de
Wandscher & Partner Rechtsanwälte in PartGmbB,rae-wandscher.de
"Wallinger Ricker Schlotter Tostmann, Patent- und Rechtsanwälte Partnerschaft mbB",wallinger.de
von Boetticher,boetticher.com
Wagner Dieterich Maier-Ring Rechtsanwälte Partnerschaftsgesellschaft mbB,wagner-rae.de
WAGENSONNER Rechtsanwälte Partnerschaft mbB,wagensonner.com
Treuhand Weser-Ems,treuhand.de
Tsambikakis & Partner Rechtsanwälte mbB,tsambikakis.com
TOPJUS Rechtsanwälte Kupferschmid & Partner,topjus.de
Uexküll & Stolberg Partnerschaft von Patent- und Rechtsanwälten mbB,uex.de
"Unützer, Wagner, Werding Rechtsanwälte · Steuerberater Partnerschaftsgesellschaft mbB",kanzlei-uww.de
Rechtsanwälte Ulrich Weber & Partner mbB,ra-weber-partner.de
Uhsadel Rechtsanwälte Partnerschaftsgesellschaft,uhsadel.com
TIGGES Rechtsanwälte Partnerschaft mbB,tigges.legal
STOBBE Rechtsanwälte Partnerschaftsgesellschaft mbB,stobbe.de
TER MEER STEINMEISTER & PARTNER PATENTANWÄLTE mbB,termeer.de
TGH Thomas Rechtsanwälte Partnerschaftsgesellschaft mbB,tgh-thomas.de
Sullivan & Cromwell,sullcrom.com
"Sterr-Kölln & Partner mbB, Rechtsanwälte, Wirtschaftsprüfer, Steuerberater",sterr-koelln.com
Stassen LLP,stassen-law.com
Steinhauer & Günther Rechtsanwälte Partnerschaft,steinhauer-guenther.de
Solmecke Rechtsanwälte,solmecke.eu
Spieker & Jaeger,spieker-jaeger.de
SLB Kloepper Rechtsanwaltsgesellschaft mbH,slb-law.de
Schwoerer & Kollegen,sukra.de
Schulz Noack Bärwinkel Rechtsanwälte PartmbB,snb-law.de
"Schneiders & Behrendt PartmbB, Rechts- und Patentanwälte",bolex.de
SCHUMANN Rechtsanwälte Partnerschaftsgesellschaft,schumann-law.de
"Schlüter . Meyer-Degering und Partner, Rechtsanwälte",recht-bs.de
SCHLÜTER GRAF Rechtsanwälte PartG mbB,schlueter-graf.de
SCHMITZ KNOTH RECHTSANWÄLTE Partnerschaftsgesellschaft mit beschränkter Berufshaftung,schmitzknoth.de
Schelling & Partner Rechtsanwälte Partnerschaft mit beschränkter Berufshaftung,schelling.de
Schlatter Rechtsanwälte Steuerberater PartG mbB,schlatter.law
SCHENDERLEIN Rechtsanwälte,kanzlei-schenderlein.de
Samson & Partner Patentanwälte mbB,samson-partner.de
SBL Rechtsanwaltsgesellschaft mbH,kanzlei-sbl.de
SATELL Rechtsanwälte Steuerberater,satell.de
"RWP Rechtsanwälte Spönemann, Zerhusen, Klose, Lachmann, Nieberding, Antweiler, Nolte, Wördemann, Gabler, Ehrle, Zmuda (Adwokat) PartG mbB",rwp.de
Roos Nelskamp Schumacher & Partner Rechtsanwälte,rnsp.de
Resch Rechtsanwälte,resch-rechtsanwaelte.de
"Roth, Klein, Gilcher & Partner Rechtsanwälte",rkgp.de
Rosenschon und Partner GmbH Steuerberatungsgesellschaft,rosenschon-partner.de
Roxin Rechtsanwälte LLP,roxin.de
Rellermeyer Partner Rechtsanwälte PartGmbB,rellermeyer.de
Rechtsanwaltskanzlei Staab & Kollegen,staab-kollegen.com
Rembert Rechtsanwälte Rembert Müller Putzier + Partner,rembert-rechtsanwaelte.de
REMÉ Rechtsanwälte Partnerschaft mbB,reme.de
Rechtsanwaltskanzlei Polz,polz-rechtsanwaltskanzlei.de
Rechtsanwaltskanzlei Dr. Fricke & Collegen,anwaltskanzlei-fricke.de
Rechtsanwälte und Notare Diekmeyer Wagenknecht Nordmeyer GbR,diekmeyer.de
Rechtsanwälte Schneider Stein & Partner Partnerschaftsgesellschaft mbB,anwaelte-schneider-stein.de
Runkel Rechtsanwälte,runkel-anwaelte.de
"Rechtsanwälte Prof. Dr. Halbe, Rothfuß & Partner mbB",medizin-recht.com
"Rechtsanwälte Rapräger, Hoffmann & Partner",rapraeger.de
Rechtsanwälte M&P Dr. Matzen & Partner mbB,matzen-partner.de
Rechtsanwälte Ladenburger Neifeind Schmücker & Homann,ladenburger.com
Rechtsanwälte Klemm & Partner,klemmpartner.de
Rechtsanwälte Poppe,poppe.law
Rechtsanwälte Kanzler - Kern - Kaiser PartG mbB,kanzler.legal
Rechtsanwälte H. Buschbell & Collegen,buschbell.law
