Unternehmensname,Domainname des Unternehmens,Jobboard_URL,Fehler,Bearbeiten,canonical_firm_id
DLA Group,dla.com,https://careers.dlapiper.com/jobs/index.html,internationale seite - germany als filter - 25 results auf kacheln,x,dla-group
PricewaterhouseCoopers Legal AG Rechtsanwaltsgesellschaft,legal.pwc.de,https://jobs.pwc.de/de/de/c/legal-jobs,12 Jobs - viele Standorte 2 unterseiten,x,pricewaterhousecoopers-rechtsanwaltsgesellschaft
"Skadden, Arps, Slate, Meagher & Flom LLP and Affiliates",skadden.com,https://www.skadden.com/careers/staff/opportunities/non-us-opportunities,,x,skadden-arps-slate-meagher-und-flom-and-affiliates
PwC,pwc.com,https://jobs.pwc.de/de/de/jobs-experienced,falsche Seite,x,pwc
Fieldfisher,fieldfisher.com,https://fieldfisher-karriere.de/jobs/,falsche seite,x,fieldfisher
Dentons,dentons.com,https://careers.dentons.com/go/Opportunities-in-Germany/8677402/,falsche Seite,x,dentons
BDO Germany,bdo.de,https://talents.bdo.de/berufserfahrene,falsche Seite - 11 Unterseiten,x,bdo-germany
eagle lsp,eagle-lsp.de,https://eagle-lsp.jobs.personio.de/,falsche Seite,x,eagle-lsp
WINHELLER | Law.Tax.Relax.,winheller.com,https://www.winheller.com/karriere/aktuelle-stellenangebote.html,falsche Seite,x,winheller-tax-relax
